model,m_ratio,m_lo,m_hi,nboot
human,1.3695381228779735,1.2053742464594663,1.543065769760179,250
local-gemma-e2b,0.3753312509806626,0.2657089179829192,0.4846146648774215,180
local-qwen3-1.7b,0.3097211696684001,0.1573494791862983,0.4541211689632661,180
local-qwen3-4b,0.5823693529650962,0.4082237328616916,0.733115794396596,180
local-gemma-e4b,0.6904729676009096,0.5047876020833226,0.8183495059139068,180
